-- phpMyAdmin SQL Dump
-- version 2.11.5.1
-- http://www.phpmyadmin.net
--
-- Host: localhost
-- Generation Time: May 08, 2008 at 02:57 PM
-- Server version: 5.0.45
-- PHP Version: 5.2.4

SET SQL_MODE="NO_AUTO_VALUE_ON_ZERO";

--
-- Database: `rfid`
--

-- --------------------------------------------------------

--
-- Table structure for table `bluetooth`
--

CREATE TABLE IF NOT EXISTS `bluetooth` (
  `bid` varchar(200) NOT NULL,
  `time` timestamp NOT NULL default '0000-00-00 00:00:00' on update CURRENT_TIMESTAMP,
  `item` varchar(100) NOT NULL
) ENGINE=MyISAM DEFAULT CHARSET=latin1;

--
-- Dumping data for table `bluetooth`
--

INSERT INTO `bluetooth` (`bid`, `time`, `item`) VALUES
('1001', '2008-04-10 20:56:36', ''),
('1001', '2008-04-10 20:58:08', ''),
('1001', '2008-04-10 21:11:38', 'mary');

-- --------------------------------------------------------

--
-- Table structure for table `btag`
--

CREATE TABLE IF NOT EXISTS `btag` (
  `id` varchar(200) NOT NULL,
  `item` varchar(200) NOT NULL
) ENGINE=MyISAM DEFAULT CHARSET=latin1;

--
-- Dumping data for table `btag`
--

INSERT INTO `btag` (`id`, `item`) VALUES
('1001', 'Mary');

-- --------------------------------------------------------

--
-- Table structure for table `rfid`
--

CREATE TABLE IF NOT EXISTS `rfid` (
  `tag` varchar(200) NOT NULL,
  `time` timestamp NOT NULL default CURRENT_TIMESTAMP on update CURRENT_TIMESTAMP,
  `item` varchar(200) NOT NULL
) ENGINE=MyISAM DEFAULT CHARSET=latin1;

--
-- Dumping data for table `rfid`
--

INSERT INTO `rfid` (`tag`, `time`, `item`) VALUES
('04162B856E', '2008-05-02 21:49:47', 'phone'),
('04162B856E', '2008-05-02 21:47:29', 'phone'),
('04162B856E', '2008-04-01 15:45:44', 'phone'),
('04162B856E', '2008-05-02 21:47:29', 'phone'),
('04162B856E', '2008-05-02 21:47:29', 'phone'),
('04162B856E', '2008-05-02 21:47:29', 'phone'),
('04162B856E', '2008-05-02 21:47:29', 'phone'),
('0415AF2539', '2008-05-07 11:50:15', 'key'),
('0415AF2539', '2008-05-07 11:50:14', 'key'),
('0415AF2539', '2008-05-07 11:50:10', 'key'),
('0415AF2539', '2008-05-07 11:49:59', 'key'),
('0415AF2539', '2008-05-07 11:49:59', 'key'),
('0415AF2539', '2008-05-07 11:49:36', 'key'),
('0415AF2539', '2008-05-07 11:49:36', 'key'),
('0415AF2539', '2008-05-07 11:49:48', 'key'),
('0415AF2539', '2008-05-07 11:49:49', 'key'),
('0415AF2539', '2008-05-07 11:49:24', 'key'),
('0415AF2539', '2008-05-07 11:49:24', 'key'),
('0415AF2539', '2008-05-07 11:49:19', 'key'),
('0415AF2539', '2008-05-07 11:39:20', 'key'),
('0415AF2539', '2008-05-07 11:49:17', 'key'),
('0415AF2539', '2008-05-07 11:49:05', 'key'),
('0415AF2539', '2008-05-07 11:39:15', 'key'),
('0415AF2539', '2008-05-07 11:49:05', 'key'),
('0F02D7687E', '2008-05-07 12:07:40', 'wallet'),
('0415AF2539', '2008-05-07 11:45:38', 'key'),
('0F02D7687E', '2008-05-07 12:07:39', 'wallet'),
('0415AF2539', '2008-05-07 11:45:37', 'key'),
('0415AF2539', '2008-05-07 12:07:34', 'key'),
('0415AF2539', '2008-05-07 12:07:34', 'key'),
('0415AF2539', '2008-05-07 11:45:27', 'key'),
('0415AF2539', '2008-05-07 11:45:27', 'key'),
('04162B856E', '2008-05-02 21:47:29', 'phone'),
('0415AF2539', '2008-05-07 11:45:22', 'key'),
('04162B856E', '2008-05-02 21:47:29', 'phone'),
('0F02D7687E', '2008-05-07 12:07:22', 'wallet'),
('0415AF2539', '2008-05-07 11:45:22', 'key'),
('0415AF2539', '2008-05-07 11:39:15', 'key'),
('04162B856E', '2008-05-02 21:47:29', 'phone'),
('0F02D7687E', '2008-05-07 12:07:22', 'wallet'),
('0415AF2539', '2008-05-07 11:45:14', 'key'),
('0415AF2539', '2008-05-07 11:39:12', 'key'),
('0415AF2539', '2008-05-07 11:45:13', 'key'),
('0415AF2539', '2008-05-07 11:39:12', 'key'),
('0415AF2539', '2008-05-07 11:45:07', 'key'),
('0415AF2539', '2008-05-07 11:45:00', 'key'),
('0415AF2539', '2008-05-07 11:44:59', 'key'),
('0415AF2539', '2008-05-07 11:44:56', 'key'),
('0415AF2539', '2008-05-07 11:44:56', 'key'),
('0415AF2539', '2008-05-07 11:39:09', 'key'),
('0415AF2539', '2008-05-07 11:39:10', 'key'),
('0415AF2539', '2008-05-07 11:44:50', 'key'),
('0F02D7687E', '2008-05-07 12:07:17', 'wallet'),
('0415AF2539', '2008-05-07 11:44:50', 'key'),
('0415AF2539', '2008-05-07 12:07:12', 'key'),
('0415AF2539', '2008-05-07 12:07:12', 'key'),
('0F02D7687E', '2008-05-07 12:06:58', 'wallet'),
('0415AF2539', '2008-05-07 11:44:36', 'key'),
('0F02D7687E', '2008-05-07 12:06:57', 'wallet'),
('0F02D7687E', '2008-05-07 12:06:50', 'wallet'),
('0F02D7687E', '2008-05-07 12:06:50', 'wallet'),
('0F02D7687E', '2008-05-07 12:06:43', 'wallet'),
('0F02D7687E', '2008-05-07 12:06:43', 'wallet'),
('0415AF2539', '2008-05-07 11:44:28', 'key'),
('0F02D7687E', '2008-05-07 12:06:30', 'wallet'),
('0415AF2539', '2008-05-07 11:44:27', 'key'),
('0F02D7687E', '2008-05-07 12:06:30', 'wallet'),
('0F02D7687E', '2008-05-07 12:06:23', 'wallet'),
('0415AF2539', '2008-05-07 11:44:17', 'key'),
('0415AF2539', '2008-05-07 11:39:07', 'key'),
('0F02D7687E', '2008-05-07 12:06:23', 'wallet'),
('0415AF2539', '2008-05-07 11:44:17', 'key'),
('0415AF2539', '2008-05-07 11:39:07', 'key'),
('0F02D7687E', '2008-05-07 12:03:57', 'wallet'),
('0F02D7687E', '2008-05-07 12:03:57', 'wallet'),
('0415AF2539', '2008-05-07 11:44:06', 'key'),
('0F02D7687E', '2008-05-07 12:03:50', 'wallet'),
('0F02D7687E', '2008-05-07 12:03:49', 'wallet'),
('0F02D7687E', '2008-05-07 12:03:48', 'wallet'),
('0415AF2539', '2008-05-07 11:44:06', 'key'),
('0F02D7687E', '2008-05-07 12:03:29', 'wallet'),
('0415AF2539', '2008-05-07 11:43:55', 'key'),
('0F02D7687E', '2008-05-07 12:03:28', 'wallet'),
('0415AF2539', '2008-05-07 11:43:55', 'key'),
('0415AF2539', '2008-05-07 11:43:45', 'key'),
('0F02D7687E', '2008-05-07 12:03:22', 'wallet'),
('0415AF2539', '2008-05-07 11:40:44', 'key'),
('0415AF2539', '2008-05-07 11:39:02', 'key'),
('0415AF2539', '2008-05-07 11:38:53', 'key'),
('0F02D7687E', '2008-05-07 12:03:21', 'wallet'),
('0415AF2539', '2008-05-07 11:40:44', 'key'),
('0F02D7687E', '2008-05-07 12:03:15', 'wallet'),
('0415AF2539', '2008-05-07 11:40:32', 'key'),
('0F02D7687E', '2008-05-07 12:03:14', 'wallet'),
('0415AF2539', '2008-05-07 11:40:31', 'key'),
('0415AF2539', '2008-05-07 11:39:00', 'key'),
('0415AF2539', '2008-05-07 11:40:29', 'key'),
('0415AF2539', '2008-05-07 11:38:58', 'key'),
('0F02D7687E', '2008-05-07 12:03:05', 'wallet'),
('0415AF2539', '2008-05-07 11:40:28', 'key'),
('0F02D7687E', '2008-05-07 12:03:05', 'wallet'),
('0F02D7687E', '2008-05-07 12:03:01', 'wallet'),
('0415AF2539', '2008-05-07 11:40:26', 'key'),
('0F02D7687E', '2008-05-07 12:03:00', 'wallet'),
('0415AF2539', '2008-05-07 11:40:26', 'key'),
('0F02D7687E', '2008-05-07 12:02:57', 'wallet'),
('0415AF2539', '2008-05-07 11:39:50', 'key'),
('0F02D7687E', '2008-05-07 12:02:57', 'wallet'),
('0F02D7687E', '2008-05-07 12:02:51', 'wallet'),
('0415AF2539', '2008-05-07 11:39:48', 'key'),
('0F02D7687E', '2008-05-07 12:02:51', 'wallet'),
('04162B856E', '2008-05-07 12:00:43', 'phone'),
('0415AF2539', '2008-05-07 11:39:47', 'key'),
('04162B856E', '2008-05-07 12:00:43', 'phone'),
('04162B856E', '2008-05-07 12:00:37', 'phone'),
('04162B856E', '2008-05-07 12:00:37', 'phone'),
('0415AF2539', '2008-05-07 11:39:39', 'key'),
('04162B856E', '2008-05-07 12:00:29', 'phone'),
('04162B856E', '2008-05-07 12:00:26', 'phone'),
('0415AF2539', '2008-05-07 11:39:38', 'key'),
('04162B856E', '2008-05-07 12:00:26', 'phone'),
('04162B856E', '2008-05-07 12:00:13', 'phone'),
('04162B856E', '2008-05-07 12:00:13', 'phone'),
('0415AF2539', '2008-05-07 11:39:35', 'key'),
('0415AF2539', '2008-05-07 11:38:56', 'key'),
('04162B856E', '2008-05-02 21:47:29', 'phone'),
('04162B856E', '2008-05-07 12:00:06', 'phone'),
('04162B856E', '2008-05-07 12:00:06', 'phone'),
('0415AF2539', '2008-05-07 11:39:33', 'key'),
('04162B856E', '2008-05-07 11:59:59', 'phone'),
('04162B856E', '2008-05-07 11:59:59', 'phone'),
('04162B856E', '2008-05-07 11:59:51', 'phone'),
('04162B856E', '2008-05-07 11:59:50', 'phone'),
('0415AF2539', '2008-05-07 11:39:33', 'key'),
('04162B856E', '2008-05-07 11:59:48', 'phone'),
('0415AF2539', '2008-05-07 11:39:28', 'key'),
('0415AF2539', '2008-05-07 11:38:53', 'key'),
('04162B856E', '2008-05-07 11:59:47', 'phone'),
('04162B856E', '2008-05-07 11:58:03', 'phone'),
('04162B856E', '2008-05-07 11:57:43', 'phone'),
('04162B856E', '2008-05-07 11:57:26', 'phone'),
('04162B856E', '2008-05-07 11:57:26', 'phone'),
('04162B856E', '2008-05-07 11:57:18', 'phone'),
('04162B856E', '2008-05-07 11:57:17', 'phone'),
('0415AF2539', '2008-05-07 11:39:27', 'key'),
('04162B856E', '2008-05-07 11:57:03', 'phone'),
('04162B856E', '2008-05-07 11:57:03', 'phone'),
('04162B856E', '2008-05-07 11:56:53', 'phone'),
('04162B856E', '2008-05-07 11:56:53', 'phone'),
('04162B856E', '2008-05-07 11:56:45', 'phone'),
('04162B856E', '2008-05-07 11:56:45', 'phone'),
('04162B856E', '2008-05-07 11:56:34', 'phone'),
('04162B856E', '2008-05-07 11:56:33', 'phone'),
('04162B856E', '2008-05-07 11:56:23', 'phone'),
('04162B856E', '2008-05-07 11:56:07', 'phone'),
('04162B856E', '2008-05-07 11:56:04', 'phone'),
('04162B856E', '2008-05-07 11:56:04', 'phone'),
('04162B856E', '2008-05-07 11:55:52', 'phone'),
('04162B856E', '2008-05-07 11:55:43', 'phone'),
('04162B856E', '2008-05-07 11:55:41', 'phone'),
('04162B856E', '2008-05-07 11:55:41', 'phone'),
('04162B856E', '2008-05-07 11:55:35', 'phone'),
('04162B856E', '2008-05-07 11:55:33', 'phone'),
('04162B856E', '2008-05-07 11:55:27', 'phone'),
('04162B856E', '2008-05-07 11:55:24', 'phone'),
('0415AF2539', '2008-05-07 11:39:26', 'key'),
('04162B856E', '2008-05-07 11:55:24', 'phone'),
('04162B856E', '2008-05-07 11:55:19', 'phone'),
('04162B856E', '2008-05-07 11:55:19', 'phone'),
('04162B856E', '2008-05-07 11:55:10', 'phone'),
('0415AF2539', '2008-05-07 11:39:25', 'key'),
('04162B856E', '2008-05-07 11:55:09', 'phone'),
('0415AF2539', '2008-05-07 11:52:11', 'key'),
('0415AF2539', '2008-05-07 11:52:11', 'key'),
('0415AF2539', '2008-05-07 11:39:24', 'key'),
('0415AF2539', '2008-05-07 11:51:40', 'key'),
('0415AF2539', '2008-05-07 11:39:20', 'key'),
('0415AF2539', '2008-05-07 11:51:40', 'key'),
('0415AF2539', '2008-05-07 11:51:32', 'key'),
('0415AF2539', '2008-05-07 11:51:32', 'key'),
('0415AF2539', '2008-05-07 11:51:21', 'key'),
('0415AF2539', '2008-05-07 11:51:21', 'key'),
('0415AF2539', '2008-05-07 11:51:13', 'key'),
('0415AF2539', '2008-05-07 11:51:13', 'key'),
('0415AF2539', '2008-05-07 11:51:04', 'key'),
('0415AF2539', '2008-05-07 11:51:02', 'key'),
('0415AF2539', '2008-05-07 11:50:45', 'key'),
('0415AF2539', '2008-05-07 11:50:45', 'key'),
('0415AF2539', '2008-05-07 11:50:31', 'key'),
('0415AF2539', '2008-05-07 11:50:31', 'key');

-- --------------------------------------------------------

--
-- Table structure for table `tag`
--

CREATE TABLE IF NOT EXISTS `tag` (
  `id` varchar(10) NOT NULL,
  `item` varchar(100) NOT NULL
) ENGINE=MyISAM DEFAULT CHARSET=latin1;

--
-- Dumping data for table `tag`
--

INSERT INTO `tag` (`id`, `item`) VALUES
('0F02D7687E', 'wallet'),
('04162B856E', 'phone'),
('0415AF2539', 'key');
